<metadata__catalog__entry>
  <version>5.2.0.0</version>
  <types class="tree-map">
    <entry>
      <org.mule.common.metadata.DefaultMetaDataKey>
        <id>ConversionRate</id>
        <displayName>ConversionRate</displayName>
        <category>DEFAULT</category>
        <metaDataKeyPropertiesManager>
          <properties>
            <org.mule.common.metadata.key.property.dsql.DsqlFromMetaDataKeyProperty/>
          </properties>
        </metaDataKeyPropertiesManager>
      </org.mule.common.metadata.DefaultMetaDataKey>
      <org.mule.common.metadata.DefaultXmlMetaDataModel>
        <dataType>XML</dataType>
        <metaDataModelPropertiesManager>
          <properties>
            <org.mule.common.metadata.property.TextBasedExampleMetaDataModelProperty/>
            <org.mule.common.metadata.property.xml.SchemaTypeMetaDataProperty/>
            <org.mule.common.metadata.property.StructureIdentifierMetaDataModelProperty>
              <metaDataKey class="org.mule.common.metadata.DefaultMetaDataKey" reference="../../../../../org.mule.common.metadata.DefaultMetaDataKey"/>
              <derivedStructure>false</derivedStructure>
              <generatedStructure>false</generatedStructure>
            </org.mule.common.metadata.property.StructureIdentifierMetaDataModelProperty>
          </properties>
        </metaDataModelPropertiesManager>
        <fields>
          <org.mule.common.metadata.DefaultMetaDataField>
            <name>ns0:FromCurrency</name>
            <model class="org.mule.common.metadata.DefaultSimpleMetaDataModel">
              <dataType>STRING</dataType>
              <metaDataModelPropertiesManager>
                <properties>
                  <org.mule.common.metadata.property.xml.SchemaTypeMetaDataProperty>
                    <typeQName>
                      <namespaceURI>http://www.webserviceX.NET/</namespaceURI>
                      <localPart>Currency</localPart>
                      <prefix></prefix>
                    </typeQName>
                  </org.mule.common.metadata.property.xml.SchemaTypeMetaDataProperty>
                </properties>
              </metaDataModelPropertiesManager>
            </model>
            <accessType>READ_WRITE</accessType>
            <metaDataFieldPropertyManager>
              <properties>
                <org.mule.common.metadata.property.QNameMetaDataProperty>
                  <name>
                    <namespaceURI>http://www.webserviceX.NET/</namespaceURI>
                    <localPart>FromCurrency</localPart>
                    <prefix>ns0</prefix>
                  </name>
                </org.mule.common.metadata.property.QNameMetaDataProperty>
              </properties>
            </metaDataFieldPropertyManager>
          </org.mule.common.metadata.DefaultMetaDataField>
          <org.mule.common.metadata.DefaultMetaDataField>
            <name>ns0:ToCurrency</name>
            <model class="org.mule.common.metadata.DefaultSimpleMetaDataModel">
              <dataType>STRING</dataType>
              <metaDataModelPropertiesManager>
                <properties>
                  <org.mule.common.metadata.property.xml.SchemaTypeMetaDataProperty>
                    <typeQName reference="../../../../../../org.mule.common.metadata.DefaultMetaDataField/model/metaDataModelPropertiesManager/properties/org.mule.common.metadata.property.xml.SchemaTypeMetaDataProperty/typeQName"/>
                  </org.mule.common.metadata.property.xml.SchemaTypeMetaDataProperty>
                </properties>
              </metaDataModelPropertiesManager>
            </model>
            <accessType>READ_WRITE</accessType>
            <metaDataFieldPropertyManager>
              <properties>
                <org.mule.common.metadata.property.QNameMetaDataProperty>
                  <name>
                    <namespaceURI>http://www.webserviceX.NET/</namespaceURI>
                    <localPart>ToCurrency</localPart>
                    <prefix>ns0</prefix>
                  </name>
                </org.mule.common.metadata.property.QNameMetaDataProperty>
              </properties>
            </metaDataFieldPropertyManager>
          </org.mule.common.metadata.DefaultMetaDataField>
        </fields>
        <rootElement>
          <namespaceURI>http://www.webserviceX.NET/</namespaceURI>
          <localPart>ConversionRate</localPart>
          <prefix>ns0</prefix>
        </rootElement>
        <schemas class="org.mule.common.metadata.StringBasedSchemaProvider">
          <schemas>
            <string>&lt;?xml version=&quot;1.0&quot; encoding=&quot;UTF-8&quot;?&gt;&lt;s:schema xmlns:s=&quot;http://www.w3.org/2001/XMLSchema&quot; xmlns:http=&quot;http://schemas.xmlsoap.org/wsdl/http/&quot; xmlns:mime=&quot;http://schemas.xmlsoap.org/wsdl/mime/&quot; xmlns:soap=&quot;http://schemas.xmlsoap.org/wsdl/soap/&quot; xmlns:soap12=&quot;http://schemas.xmlsoap.org/wsdl/soap12/&quot; xmlns:soapenc=&quot;http://schemas.xmlsoap.org/soap/encoding/&quot; xmlns:tm=&quot;http://microsoft.com/wsdl/mime/textMatching/&quot; xmlns:tns=&quot;http://www.webserviceX.NET/&quot; xmlns:wsdl=&quot;http://schemas.xmlsoap.org/wsdl/&quot; elementFormDefault=&quot;qualified&quot; targetNamespace=&quot;http://www.webserviceX.NET/&quot;&gt;&#xd;
      &lt;s:element name=&quot;ConversionRate&quot;&gt;&#xd;
        &lt;s:complexType&gt;&#xd;
          &lt;s:sequence&gt;&#xd;
            &lt;s:element maxOccurs=&quot;1&quot; minOccurs=&quot;1&quot; name=&quot;FromCurrency&quot; type=&quot;tns:Currency&quot;/&gt;&#xd;
            &lt;s:element maxOccurs=&quot;1&quot; minOccurs=&quot;1&quot; name=&quot;ToCurrency&quot; type=&quot;tns:Currency&quot;/&gt;&#xd;
          &lt;/s:sequence&gt;&#xd;
        &lt;/s:complexType&gt;&#xd;
      &lt;/s:element&gt;&#xd;
      &lt;s:simpleType name=&quot;Currency&quot;&gt;&#xd;
        &lt;s:restriction base=&quot;s:string&quot;&gt;&#xd;
          &lt;s:enumeration value=&quot;AFA&quot;/&gt;&#xd;
          &lt;s:enumeration value=&quot;ALL&quot;/&gt;&#xd;
          &lt;s:enumeration value=&quot;DZD&quot;/&gt;&#xd;
          &lt;s:enumeration value=&quot;ARS&quot;/&gt;&#xd;
          &lt;s:enumeration value=&quot;AWG&quot;/&gt;&#xd;
          &lt;s:enumeration value=&quot;AUD&quot;/&gt;&#xd;
          &lt;s:enumeration value=&quot;BSD&quot;/&gt;&#xd;
          &lt;s:enumeration value=&quot;BHD&quot;/&gt;&#xd;
          &lt;s:enumeration value=&quot;BDT&quot;/&gt;&#xd;
          &lt;s:enumeration value=&quot;BBD&quot;/&gt;&#xd;
          &lt;s:enumeration value=&quot;BZD&quot;/&gt;&#xd;
          &lt;s:enumeration value=&quot;BMD&quot;/&gt;&#xd;
          &lt;s:enumeration value=&quot;BTN&quot;/&gt;&#xd;
          &lt;s:enumeration value=&quot;BOB&quot;/&gt;&#xd;
          &lt;s:enumeration value=&quot;BWP&quot;/&gt;&#xd;
          &lt;s:enumeration value=&quot;BRL&quot;/&gt;&#xd;
          &lt;s:enumeration value=&quot;GBP&quot;/&gt;&#xd;
          &lt;s:enumeration value=&quot;BND&quot;/&gt;&#xd;
          &lt;s:enumeration value=&quot;BIF&quot;/&gt;&#xd;
          &lt;s:enumeration value=&quot;XOF&quot;/&gt;&#xd;
          &lt;s:enumeration value=&quot;XAF&quot;/&gt;&#xd;
          &lt;s:enumeration value=&quot;KHR&quot;/&gt;&#xd;
          &lt;s:enumeration value=&quot;CAD&quot;/&gt;&#xd;
          &lt;s:enumeration value=&quot;CVE&quot;/&gt;&#xd;
          &lt;s:enumeration value=&quot;KYD&quot;/&gt;&#xd;
          &lt;s:enumeration value=&quot;CLP&quot;/&gt;&#xd;
          &lt;s:enumeration value=&quot;CNY&quot;/&gt;&#xd;
          &lt;s:enumeration value=&quot;COP&quot;/&gt;&#xd;
          &lt;s:enumeration value=&quot;KMF&quot;/&gt;&#xd;
          &lt;s:enumeration value=&quot;CRC&quot;/&gt;&#xd;
          &lt;s:enumeration value=&quot;HRK&quot;/&gt;&#xd;
          &lt;s:enumeration value=&quot;CUP&quot;/&gt;&#xd;
          &lt;s:enumeration value=&quot;CYP&quot;/&gt;&#xd;
          &lt;s:enumeration value=&quot;CZK&quot;/&gt;&#xd;
          &lt;s:enumeration value=&quot;DKK&quot;/&gt;&#xd;
          &lt;s:enumeration value=&quot;DJF&quot;/&gt;&#xd;
          &lt;s:enumeration value=&quot;DOP&quot;/&gt;&#xd;
          &lt;s:enumeration value=&quot;XCD&quot;/&gt;&#xd;
          &lt;s:enumeration value=&quot;EGP&quot;/&gt;&#xd;
          &lt;s:enumeration value=&quot;SVC&quot;/&gt;&#xd;
          &lt;s:enumeration value=&quot;EEK&quot;/&gt;&#xd;
          &lt;s:enumeration value=&quot;ETB&quot;/&gt;&#xd;
          &lt;s:enumeration value=&quot;EUR&quot;/&gt;&#xd;
          &lt;s:enumeration value=&quot;FKP&quot;/&gt;&#xd;
          &lt;s:enumeration value=&quot;GMD&quot;/&gt;&#xd;
          &lt;s:enumeration value=&quot;GHC&quot;/&gt;&#xd;
          &lt;s:enumeration value=&quot;GIP&quot;/&gt;&#xd;
          &lt;s:enumeration value=&quot;XAU&quot;/&gt;&#xd;
          &lt;s:enumeration value=&quot;GTQ&quot;/&gt;&#xd;
          &lt;s:enumeration value=&quot;GNF&quot;/&gt;&#xd;
          &lt;s:enumeration value=&quot;GYD&quot;/&gt;&#xd;
          &lt;s:enumeration value=&quot;HTG&quot;/&gt;&#xd;
          &lt;s:enumeration value=&quot;HNL&quot;/&gt;&#xd;
          &lt;s:enumeration value=&quot;HKD&quot;/&gt;&#xd;
          &lt;s:enumeration value=&quot;HUF&quot;/&gt;&#xd;
          &lt;s:enumeration value=&quot;ISK&quot;/&gt;&#xd;
          &lt;s:enumeration value=&quot;INR&quot;/&gt;&#xd;
          &lt;s:enumeration value=&quot;IDR&quot;/&gt;&#xd;
          &lt;s:enumeration value=&quot;IQD&quot;/&gt;&#xd;
          &lt;s:enumeration value=&quot;ILS&quot;/&gt;&#xd;
          &lt;s:enumeration value=&quot;JMD&quot;/&gt;&#xd;
          &lt;s:enumeration value=&quot;JPY&quot;/&gt;&#xd;
          &lt;s:enumeration value=&quot;JOD&quot;/&gt;&#xd;
          &lt;s:enumeration value=&quot;KZT&quot;/&gt;&#xd;
          &lt;s:enumeration value=&quot;KES&quot;/&gt;&#xd;
          &lt;s:enumeration value=&quot;KRW&quot;/&gt;&#xd;
          &lt;s:enumeration value=&quot;KWD&quot;/&gt;&#xd;
          &lt;s:enumeration value=&quot;LAK&quot;/&gt;&#xd;
          &lt;s:enumeration value=&quot;LVL&quot;/&gt;&#xd;
          &lt;s:enumeration value=&quot;LBP&quot;/&gt;&#xd;
          &lt;s:enumeration value=&quot;LSL&quot;/&gt;&#xd;
          &lt;s:enumeration value=&quot;LRD&quot;/&gt;&#xd;
          &lt;s:enumeration value=&quot;LYD&quot;/&gt;&#xd;
          &lt;s:enumeration value=&quot;LTL&quot;/&gt;&#xd;
          &lt;s:enumeration value=&quot;MOP&quot;/&gt;&#xd;
          &lt;s:enumeration value=&quot;MKD&quot;/&gt;&#xd;
          &lt;s:enumeration value=&quot;MGF&quot;/&gt;&#xd;
          &lt;s:enumeration value=&quot;MWK&quot;/&gt;&#xd;
          &lt;s:enumeration value=&quot;MYR&quot;/&gt;&#xd;
          &lt;s:enumeration value=&quot;MVR&quot;/&gt;&#xd;
          &lt;s:enumeration value=&quot;MTL&quot;/&gt;&#xd;
          &lt;s:enumeration value=&quot;MRO&quot;/&gt;&#xd;
          &lt;s:enumeration value=&quot;MUR&quot;/&gt;&#xd;
          &lt;s:enumeration value=&quot;MXN&quot;/&gt;&#xd;
          &lt;s:enumeration value=&quot;MDL&quot;/&gt;&#xd;
          &lt;s:enumeration value=&quot;MNT&quot;/&gt;&#xd;
          &lt;s:enumeration value=&quot;MAD&quot;/&gt;&#xd;
          &lt;s:enumeration value=&quot;MZM&quot;/&gt;&#xd;
          &lt;s:enumeration value=&quot;MMK&quot;/&gt;&#xd;
          &lt;s:enumeration value=&quot;NAD&quot;/&gt;&#xd;
          &lt;s:enumeration value=&quot;NPR&quot;/&gt;&#xd;
          &lt;s:enumeration value=&quot;ANG&quot;/&gt;&#xd;
          &lt;s:enumeration value=&quot;NZD&quot;/&gt;&#xd;
          &lt;s:enumeration value=&quot;NIO&quot;/&gt;&#xd;
          &lt;s:enumeration value=&quot;NGN&quot;/&gt;&#xd;
          &lt;s:enumeration value=&quot;KPW&quot;/&gt;&#xd;
          &lt;s:enumeration value=&quot;NOK&quot;/&gt;&#xd;
          &lt;s:enumeration value=&quot;OMR&quot;/&gt;&#xd;
          &lt;s:enumeration value=&quot;XPF&quot;/&gt;&#xd;
          &lt;s:enumeration value=&quot;PKR&quot;/&gt;&#xd;
          &lt;s:enumeration value=&quot;XPD&quot;/&gt;&#xd;
          &lt;s:enumeration value=&quot;PAB&quot;/&gt;&#xd;
          &lt;s:enumeration value=&quot;PGK&quot;/&gt;&#xd;
          &lt;s:enumeration value=&quot;PYG&quot;/&gt;&#xd;
          &lt;s:enumeration value=&quot;PEN&quot;/&gt;&#xd;
          &lt;s:enumeration value=&quot;PHP&quot;/&gt;&#xd;
          &lt;s:enumeration value=&quot;XPT&quot;/&gt;&#xd;
          &lt;s:enumeration value=&quot;PLN&quot;/&gt;&#xd;
          &lt;s:enumeration value=&quot;QAR&quot;/&gt;&#xd;
          &lt;s:enumeration value=&quot;ROL&quot;/&gt;&#xd;
          &lt;s:enumeration value=&quot;RUB&quot;/&gt;&#xd;
          &lt;s:enumeration value=&quot;WST&quot;/&gt;&#xd;
          &lt;s:enumeration value=&quot;STD&quot;/&gt;&#xd;
          &lt;s:enumeration value=&quot;SAR&quot;/&gt;&#xd;
          &lt;s:enumeration value=&quot;SCR&quot;/&gt;&#xd;
          &lt;s:enumeration value=&quot;SLL&quot;/&gt;&#xd;
          &lt;s:enumeration value=&quot;XAG&quot;/&gt;&#xd;
          &lt;s:enumeration value=&quot;SGD&quot;/&gt;&#xd;
          &lt;s:enumeration value=&quot;SKK&quot;/&gt;&#xd;
          &lt;s:enumeration value=&quot;SIT&quot;/&gt;&#xd;
          &lt;s:enumeration value=&quot;SBD&quot;/&gt;&#xd;
          &lt;s:enumeration value=&quot;SOS&quot;/&gt;&#xd;
          &lt;s:enumeration value=&quot;ZAR&quot;/&gt;&#xd;
          &lt;s:enumeration value=&quot;LKR&quot;/&gt;&#xd;
          &lt;s:enumeration value=&quot;SHP&quot;/&gt;&#xd;
          &lt;s:enumeration value=&quot;SDD&quot;/&gt;&#xd;
          &lt;s:enumeration value=&quot;SRG&quot;/&gt;&#xd;
          &lt;s:enumeration value=&quot;SZL&quot;/&gt;&#xd;
          &lt;s:enumeration value=&quot;SEK&quot;/&gt;&#xd;
          &lt;s:enumeration value=&quot;CHF&quot;/&gt;&#xd;
          &lt;s:enumeration value=&quot;SYP&quot;/&gt;&#xd;
          &lt;s:enumeration value=&quot;TWD&quot;/&gt;&#xd;
          &lt;s:enumeration value=&quot;TZS&quot;/&gt;&#xd;
          &lt;s:enumeration value=&quot;THB&quot;/&gt;&#xd;
          &lt;s:enumeration value=&quot;TOP&quot;/&gt;&#xd;
          &lt;s:enumeration value=&quot;TTD&quot;/&gt;&#xd;
          &lt;s:enumeration value=&quot;TND&quot;/&gt;&#xd;
          &lt;s:enumeration value=&quot;TRL&quot;/&gt;&#xd;
          &lt;s:enumeration value=&quot;USD&quot;/&gt;&#xd;
          &lt;s:enumeration value=&quot;AED&quot;/&gt;&#xd;
          &lt;s:enumeration value=&quot;UGX&quot;/&gt;&#xd;
          &lt;s:enumeration value=&quot;UAH&quot;/&gt;&#xd;
          &lt;s:enumeration value=&quot;UYU&quot;/&gt;&#xd;
          &lt;s:enumeration value=&quot;VUV&quot;/&gt;&#xd;
          &lt;s:enumeration value=&quot;VEB&quot;/&gt;&#xd;
          &lt;s:enumeration value=&quot;VND&quot;/&gt;&#xd;
          &lt;s:enumeration value=&quot;YER&quot;/&gt;&#xd;
          &lt;s:enumeration value=&quot;YUM&quot;/&gt;&#xd;
          &lt;s:enumeration value=&quot;ZMK&quot;/&gt;&#xd;
          &lt;s:enumeration value=&quot;ZWD&quot;/&gt;&#xd;
          &lt;s:enumeration value=&quot;TRY&quot;/&gt;&#xd;
        &lt;/s:restriction&gt;&#xd;
      &lt;/s:simpleType&gt;&#xd;
      &lt;s:element name=&quot;ConversionRateResponse&quot;&gt;&#xd;
        &lt;s:complexType&gt;&#xd;
          &lt;s:sequence&gt;&#xd;
            &lt;s:element maxOccurs=&quot;1&quot; minOccurs=&quot;1&quot; name=&quot;ConversionRateResult&quot; type=&quot;s:double&quot;/&gt;&#xd;
          &lt;/s:sequence&gt;&#xd;
        &lt;/s:complexType&gt;&#xd;
      &lt;/s:element&gt;&#xd;
      &lt;s:element name=&quot;double&quot; type=&quot;s:double&quot;/&gt;&#xd;
    &lt;/s:schema&gt;</string>
          </schemas>
          <encoding>windows-1252</encoding>
          <baseUri>file:/K:/mule/Compressed/AnypointStudio-for-win-64bit-6.4.2-201712152228/AnypointStudio/http:/www.webservicex.com/CurrencyConvertor.asmx%3Fwsdl</baseUri>
        </schemas>
        <namespaceManager>
          <namespacePrefix class="tree-map">
            <entry>
              <string>http://www.webserviceX.NET/</string>
              <string>ns0</string>
            </entry>
          </namespacePrefix>
        </namespaceManager>
      </org.mule.common.metadata.DefaultXmlMetaDataModel>
    </entry>
    <entry>
      <org.mule.common.metadata.DefaultMetaDataKey>
        <id>ConversionRateResponse</id>
        <displayName>ConversionRateResponse</displayName>
        <category>DEFAULT</category>
        <metaDataKeyPropertiesManager>
          <properties>
            <org.mule.common.metadata.key.property.dsql.DsqlFromMetaDataKeyProperty/>
          </properties>
        </metaDataKeyPropertiesManager>
      </org.mule.common.metadata.DefaultMetaDataKey>
      <org.mule.common.metadata.DefaultXmlMetaDataModel>
        <dataType>XML</dataType>
        <metaDataModelPropertiesManager>
          <properties>
            <org.mule.common.metadata.property.TextBasedExampleMetaDataModelProperty/>
            <org.mule.common.metadata.property.xml.SchemaTypeMetaDataProperty/>
            <org.mule.common.metadata.property.StructureIdentifierMetaDataModelProperty>
              <metaDataKey class="org.mule.common.metadata.DefaultMetaDataKey" reference="../../../../../org.mule.common.metadata.DefaultMetaDataKey"/>
              <derivedStructure>false</derivedStructure>
              <generatedStructure>false</generatedStructure>
            </org.mule.common.metadata.property.StructureIdentifierMetaDataModelProperty>
          </properties>
        </metaDataModelPropertiesManager>
        <fields>
          <org.mule.common.metadata.DefaultMetaDataField>
            <name>ns0:ConversionRateResult</name>
            <model class="org.mule.common.metadata.DefaultSimpleMetaDataModel">
              <dataType>DOUBLE</dataType>
              <metaDataModelPropertiesManager>
                <properties>
                  <org.mule.common.metadata.property.xml.SchemaTypeMetaDataProperty>
                    <typeQName>
                      <namespaceURI>http://www.w3.org/2001/XMLSchema</namespaceURI>
                      <localPart>double</localPart>
                      <prefix></prefix>
                    </typeQName>
                  </org.mule.common.metadata.property.xml.SchemaTypeMetaDataProperty>
                </properties>
              </metaDataModelPropertiesManager>
            </model>
            <accessType>READ_WRITE</accessType>
            <metaDataFieldPropertyManager>
              <properties>
                <org.mule.common.metadata.property.QNameMetaDataProperty>
                  <name>
                    <namespaceURI>http://www.webserviceX.NET/</namespaceURI>
                    <localPart>ConversionRateResult</localPart>
                    <prefix>ns0</prefix>
                  </name>
                </org.mule.common.metadata.property.QNameMetaDataProperty>
              </properties>
            </metaDataFieldPropertyManager>
          </org.mule.common.metadata.DefaultMetaDataField>
        </fields>
        <rootElement>
          <namespaceURI>http://www.webserviceX.NET/</namespaceURI>
          <localPart>ConversionRateResponse</localPart>
          <prefix>ns0</prefix>
        </rootElement>
        <schemas class="org.mule.common.metadata.StringBasedSchemaProvider">
          <schemas>
            <string>&lt;?xml version=&quot;1.0&quot; encoding=&quot;UTF-8&quot;?&gt;&lt;s:schema xmlns:s=&quot;http://www.w3.org/2001/XMLSchema&quot; xmlns:http=&quot;http://schemas.xmlsoap.org/wsdl/http/&quot; xmlns:mime=&quot;http://schemas.xmlsoap.org/wsdl/mime/&quot; xmlns:soap=&quot;http://schemas.xmlsoap.org/wsdl/soap/&quot; xmlns:soap12=&quot;http://schemas.xmlsoap.org/wsdl/soap12/&quot; xmlns:soapenc=&quot;http://schemas.xmlsoap.org/soap/encoding/&quot; xmlns:tm=&quot;http://microsoft.com/wsdl/mime/textMatching/&quot; xmlns:tns=&quot;http://www.webserviceX.NET/&quot; xmlns:wsdl=&quot;http://schemas.xmlsoap.org/wsdl/&quot; elementFormDefault=&quot;qualified&quot; targetNamespace=&quot;http://www.webserviceX.NET/&quot;&gt;&#xd;
      &lt;s:element name=&quot;ConversionRate&quot;&gt;&#xd;
        &lt;s:complexType&gt;&#xd;
          &lt;s:sequence&gt;&#xd;
            &lt;s:element maxOccurs=&quot;1&quot; minOccurs=&quot;1&quot; name=&quot;FromCurrency&quot; type=&quot;tns:Currency&quot;/&gt;&#xd;
            &lt;s:element maxOccurs=&quot;1&quot; minOccurs=&quot;1&quot; name=&quot;ToCurrency&quot; type=&quot;tns:Currency&quot;/&gt;&#xd;
          &lt;/s:sequence&gt;&#xd;
        &lt;/s:complexType&gt;&#xd;
      &lt;/s:element&gt;&#xd;
      &lt;s:simpleType name=&quot;Currency&quot;&gt;&#xd;
        &lt;s:restriction base=&quot;s:string&quot;&gt;&#xd;
          &lt;s:enumeration value=&quot;AFA&quot;/&gt;&#xd;
          &lt;s:enumeration value=&quot;ALL&quot;/&gt;&#xd;
          &lt;s:enumeration value=&quot;DZD&quot;/&gt;&#xd;
          &lt;s:enumeration value=&quot;ARS&quot;/&gt;&#xd;
          &lt;s:enumeration value=&quot;AWG&quot;/&gt;&#xd;
          &lt;s:enumeration value=&quot;AUD&quot;/&gt;&#xd;
          &lt;s:enumeration value=&quot;BSD&quot;/&gt;&#xd;
          &lt;s:enumeration value=&quot;BHD&quot;/&gt;&#xd;
          &lt;s:enumeration value=&quot;BDT&quot;/&gt;&#xd;
          &lt;s:enumeration value=&quot;BBD&quot;/&gt;&#xd;
          &lt;s:enumeration value=&quot;BZD&quot;/&gt;&#xd;
          &lt;s:enumeration value=&quot;BMD&quot;/&gt;&#xd;
          &lt;s:enumeration value=&quot;BTN&quot;/&gt;&#xd;
          &lt;s:enumeration value=&quot;BOB&quot;/&gt;&#xd;
          &lt;s:enumeration value=&quot;BWP&quot;/&gt;&#xd;
          &lt;s:enumeration value=&quot;BRL&quot;/&gt;&#xd;
          &lt;s:enumeration value=&quot;GBP&quot;/&gt;&#xd;
          &lt;s:enumeration value=&quot;BND&quot;/&gt;&#xd;
          &lt;s:enumeration value=&quot;BIF&quot;/&gt;&#xd;
          &lt;s:enumeration value=&quot;XOF&quot;/&gt;&#xd;
          &lt;s:enumeration value=&quot;XAF&quot;/&gt;&#xd;
          &lt;s:enumeration value=&quot;KHR&quot;/&gt;&#xd;
          &lt;s:enumeration value=&quot;CAD&quot;/&gt;&#xd;
          &lt;s:enumeration value=&quot;CVE&quot;/&gt;&#xd;
          &lt;s:enumeration value=&quot;KYD&quot;/&gt;&#xd;
          &lt;s:enumeration value=&quot;CLP&quot;/&gt;&#xd;
          &lt;s:enumeration value=&quot;CNY&quot;/&gt;&#xd;
          &lt;s:enumeration value=&quot;COP&quot;/&gt;&#xd;
          &lt;s:enumeration value=&quot;KMF&quot;/&gt;&#xd;
          &lt;s:enumeration value=&quot;CRC&quot;/&gt;&#xd;
          &lt;s:enumeration value=&quot;HRK&quot;/&gt;&#xd;
          &lt;s:enumeration value=&quot;CUP&quot;/&gt;&#xd;
          &lt;s:enumeration value=&quot;CYP&quot;/&gt;&#xd;
          &lt;s:enumeration value=&quot;CZK&quot;/&gt;&#xd;
          &lt;s:enumeration value=&quot;DKK&quot;/&gt;&#xd;
          &lt;s:enumeration value=&quot;DJF&quot;/&gt;&#xd;
          &lt;s:enumeration value=&quot;DOP&quot;/&gt;&#xd;
          &lt;s:enumeration value=&quot;XCD&quot;/&gt;&#xd;
          &lt;s:enumeration value=&quot;EGP&quot;/&gt;&#xd;
          &lt;s:enumeration value=&quot;SVC&quot;/&gt;&#xd;
          &lt;s:enumeration value=&quot;EEK&quot;/&gt;&#xd;
          &lt;s:enumeration value=&quot;ETB&quot;/&gt;&#xd;
          &lt;s:enumeration value=&quot;EUR&quot;/&gt;&#xd;
          &lt;s:enumeration value=&quot;FKP&quot;/&gt;&#xd;
          &lt;s:enumeration value=&quot;GMD&quot;/&gt;&#xd;
          &lt;s:enumeration value=&quot;GHC&quot;/&gt;&#xd;
          &lt;s:enumeration value=&quot;GIP&quot;/&gt;&#xd;
          &lt;s:enumeration value=&quot;XAU&quot;/&gt;&#xd;
          &lt;s:enumeration value=&quot;GTQ&quot;/&gt;&#xd;
          &lt;s:enumeration value=&quot;GNF&quot;/&gt;&#xd;
          &lt;s:enumeration value=&quot;GYD&quot;/&gt;&#xd;
          &lt;s:enumeration value=&quot;HTG&quot;/&gt;&#xd;
          &lt;s:enumeration value=&quot;HNL&quot;/&gt;&#xd;
          &lt;s:enumeration value=&quot;HKD&quot;/&gt;&#xd;
          &lt;s:enumeration value=&quot;HUF&quot;/&gt;&#xd;
          &lt;s:enumeration value=&quot;ISK&quot;/&gt;&#xd;
          &lt;s:enumeration value=&quot;INR&quot;/&gt;&#xd;
          &lt;s:enumeration value=&quot;IDR&quot;/&gt;&#xd;
          &lt;s:enumeration value=&quot;IQD&quot;/&gt;&#xd;
          &lt;s:enumeration value=&quot;ILS&quot;/&gt;&#xd;
          &lt;s:enumeration value=&quot;JMD&quot;/&gt;&#xd;
          &lt;s:enumeration value=&quot;JPY&quot;/&gt;&#xd;
          &lt;s:enumeration value=&quot;JOD&quot;/&gt;&#xd;
          &lt;s:enumeration value=&quot;KZT&quot;/&gt;&#xd;
          &lt;s:enumeration value=&quot;KES&quot;/&gt;&#xd;
          &lt;s:enumeration value=&quot;KRW&quot;/&gt;&#xd;
          &lt;s:enumeration value=&quot;KWD&quot;/&gt;&#xd;
          &lt;s:enumeration value=&quot;LAK&quot;/&gt;&#xd;
          &lt;s:enumeration value=&quot;LVL&quot;/&gt;&#xd;
          &lt;s:enumeration value=&quot;LBP&quot;/&gt;&#xd;
          &lt;s:enumeration value=&quot;LSL&quot;/&gt;&#xd;
          &lt;s:enumeration value=&quot;LRD&quot;/&gt;&#xd;
          &lt;s:enumeration value=&quot;LYD&quot;/&gt;&#xd;
          &lt;s:enumeration value=&quot;LTL&quot;/&gt;&#xd;
          &lt;s:enumeration value=&quot;MOP&quot;/&gt;&#xd;
          &lt;s:enumeration value=&quot;MKD&quot;/&gt;&#xd;
          &lt;s:enumeration value=&quot;MGF&quot;/&gt;&#xd;
          &lt;s:enumeration value=&quot;MWK&quot;/&gt;&#xd;
          &lt;s:enumeration value=&quot;MYR&quot;/&gt;&#xd;
          &lt;s:enumeration value=&quot;MVR&quot;/&gt;&#xd;
          &lt;s:enumeration value=&quot;MTL&quot;/&gt;&#xd;
          &lt;s:enumeration value=&quot;MRO&quot;/&gt;&#xd;
          &lt;s:enumeration value=&quot;MUR&quot;/&gt;&#xd;
          &lt;s:enumeration value=&quot;MXN&quot;/&gt;&#xd;
          &lt;s:enumeration value=&quot;MDL&quot;/&gt;&#xd;
          &lt;s:enumeration value=&quot;MNT&quot;/&gt;&#xd;
          &lt;s:enumeration value=&quot;MAD&quot;/&gt;&#xd;
          &lt;s:enumeration value=&quot;MZM&quot;/&gt;&#xd;
          &lt;s:enumeration value=&quot;MMK&quot;/&gt;&#xd;
          &lt;s:enumeration value=&quot;NAD&quot;/&gt;&#xd;
          &lt;s:enumeration value=&quot;NPR&quot;/&gt;&#xd;
          &lt;s:enumeration value=&quot;ANG&quot;/&gt;&#xd;
          &lt;s:enumeration value=&quot;NZD&quot;/&gt;&#xd;
          &lt;s:enumeration value=&quot;NIO&quot;/&gt;&#xd;
          &lt;s:enumeration value=&quot;NGN&quot;/&gt;&#xd;
          &lt;s:enumeration value=&quot;KPW&quot;/&gt;&#xd;
          &lt;s:enumeration value=&quot;NOK&quot;/&gt;&#xd;
          &lt;s:enumeration value=&quot;OMR&quot;/&gt;&#xd;
          &lt;s:enumeration value=&quot;XPF&quot;/&gt;&#xd;
          &lt;s:enumeration value=&quot;PKR&quot;/&gt;&#xd;
          &lt;s:enumeration value=&quot;XPD&quot;/&gt;&#xd;
          &lt;s:enumeration value=&quot;PAB&quot;/&gt;&#xd;
          &lt;s:enumeration value=&quot;PGK&quot;/&gt;&#xd;
          &lt;s:enumeration value=&quot;PYG&quot;/&gt;&#xd;
          &lt;s:enumeration value=&quot;PEN&quot;/&gt;&#xd;
          &lt;s:enumeration value=&quot;PHP&quot;/&gt;&#xd;
          &lt;s:enumeration value=&quot;XPT&quot;/&gt;&#xd;
          &lt;s:enumeration value=&quot;PLN&quot;/&gt;&#xd;
          &lt;s:enumeration value=&quot;QAR&quot;/&gt;&#xd;
          &lt;s:enumeration value=&quot;ROL&quot;/&gt;&#xd;
          &lt;s:enumeration value=&quot;RUB&quot;/&gt;&#xd;
          &lt;s:enumeration value=&quot;WST&quot;/&gt;&#xd;
          &lt;s:enumeration value=&quot;STD&quot;/&gt;&#xd;
          &lt;s:enumeration value=&quot;SAR&quot;/&gt;&#xd;
          &lt;s:enumeration value=&quot;SCR&quot;/&gt;&#xd;
          &lt;s:enumeration value=&quot;SLL&quot;/&gt;&#xd;
          &lt;s:enumeration value=&quot;XAG&quot;/&gt;&#xd;
          &lt;s:enumeration value=&quot;SGD&quot;/&gt;&#xd;
          &lt;s:enumeration value=&quot;SKK&quot;/&gt;&#xd;
          &lt;s:enumeration value=&quot;SIT&quot;/&gt;&#xd;
          &lt;s:enumeration value=&quot;SBD&quot;/&gt;&#xd;
          &lt;s:enumeration value=&quot;SOS&quot;/&gt;&#xd;
          &lt;s:enumeration value=&quot;ZAR&quot;/&gt;&#xd;
          &lt;s:enumeration value=&quot;LKR&quot;/&gt;&#xd;
          &lt;s:enumeration value=&quot;SHP&quot;/&gt;&#xd;
          &lt;s:enumeration value=&quot;SDD&quot;/&gt;&#xd;
          &lt;s:enumeration value=&quot;SRG&quot;/&gt;&#xd;
          &lt;s:enumeration value=&quot;SZL&quot;/&gt;&#xd;
          &lt;s:enumeration value=&quot;SEK&quot;/&gt;&#xd;
          &lt;s:enumeration value=&quot;CHF&quot;/&gt;&#xd;
          &lt;s:enumeration value=&quot;SYP&quot;/&gt;&#xd;
          &lt;s:enumeration value=&quot;TWD&quot;/&gt;&#xd;
          &lt;s:enumeration value=&quot;TZS&quot;/&gt;&#xd;
          &lt;s:enumeration value=&quot;THB&quot;/&gt;&#xd;
          &lt;s:enumeration value=&quot;TOP&quot;/&gt;&#xd;
          &lt;s:enumeration value=&quot;TTD&quot;/&gt;&#xd;
          &lt;s:enumeration value=&quot;TND&quot;/&gt;&#xd;
          &lt;s:enumeration value=&quot;TRL&quot;/&gt;&#xd;
          &lt;s:enumeration value=&quot;USD&quot;/&gt;&#xd;
          &lt;s:enumeration value=&quot;AED&quot;/&gt;&#xd;
          &lt;s:enumeration value=&quot;UGX&quot;/&gt;&#xd;
          &lt;s:enumeration value=&quot;UAH&quot;/&gt;&#xd;
          &lt;s:enumeration value=&quot;UYU&quot;/&gt;&#xd;
          &lt;s:enumeration value=&quot;VUV&quot;/&gt;&#xd;
          &lt;s:enumeration value=&quot;VEB&quot;/&gt;&#xd;
          &lt;s:enumeration value=&quot;VND&quot;/&gt;&#xd;
          &lt;s:enumeration value=&quot;YER&quot;/&gt;&#xd;
          &lt;s:enumeration value=&quot;YUM&quot;/&gt;&#xd;
          &lt;s:enumeration value=&quot;ZMK&quot;/&gt;&#xd;
          &lt;s:enumeration value=&quot;ZWD&quot;/&gt;&#xd;
          &lt;s:enumeration value=&quot;TRY&quot;/&gt;&#xd;
        &lt;/s:restriction&gt;&#xd;
      &lt;/s:simpleType&gt;&#xd;
      &lt;s:element name=&quot;ConversionRateResponse&quot;&gt;&#xd;
        &lt;s:complexType&gt;&#xd;
          &lt;s:sequence&gt;&#xd;
            &lt;s:element maxOccurs=&quot;1&quot; minOccurs=&quot;1&quot; name=&quot;ConversionRateResult&quot; type=&quot;s:double&quot;/&gt;&#xd;
          &lt;/s:sequence&gt;&#xd;
        &lt;/s:complexType&gt;&#xd;
      &lt;/s:element&gt;&#xd;
      &lt;s:element name=&quot;double&quot; type=&quot;s:double&quot;/&gt;&#xd;
    &lt;/s:schema&gt;</string>
          </schemas>
          <encoding reference="../../../../entry/org.mule.common.metadata.DefaultXmlMetaDataModel/schemas/encoding"/>
          <baseUri>file:/K:/mule/Compressed/AnypointStudio-for-win-64bit-6.4.2-201712152228/AnypointStudio/http:/www.webservicex.com/CurrencyConvertor.asmx%3Fwsdl</baseUri>
        </schemas>
        <namespaceManager>
          <namespacePrefix class="tree-map">
            <entry>
              <string>http://www.webserviceX.NET/</string>
              <string>ns0</string>
            </entry>
          </namespacePrefix>
        </namespaceManager>
      </org.mule.common.metadata.DefaultXmlMetaDataModel>
    </entry>
  </types>
  <connectorName>Web_Service_Consumer</connectorName>
</metadata__catalog__entry>