<?xml version="1.0" encoding="UTF-8"?>

<mule xmlns:http="http://www.mulesoft.org/schema/mule/http" xmlns="http://www.mulesoft.org/schema/mule/core" xmlns:doc="http://www.mulesoft.org/schema/mule/documentation"
	xmlns:spring="http://www.springframework.org/schema/beans" 
	xmlns:xsi="http://www.w3.org/2001/XMLSchema-instance"
	xsi:schemaLocation="http://www.springframework.org/schema/beans http://www.springframework.org/schema/beans/spring-beans-current.xsd
http://www.mulesoft.org/schema/mule/core http://www.mulesoft.org/schema/mule/core/current/mule.xsd
http://www.mulesoft.org/schema/mule/http http://www.mulesoft.org/schema/mule/http/current/mule-http.xsd">
    <http:listener-config name="HTTP_Listener_Configuration" host="0.0.0.0" port="8081" doc:name="HTTP Listener Configuration"/>
    <http:request-config name="bank-rest_Request_Configuration" host="mocksvc.mulesoft.com" port="443" basePath="/mocks/4477d1e1-a655-4bf8-8b16-5feb29ade6a4/mocks/66c3241d-774f-42f3-bd87-4aa5da9d68bb/api" doc:name="HTTP Request Configuration" protocol="HTTPS">
        <http:raml-api-configuration location="C:/Users/Vlad III impaler/Downloads/open-bank-system-api-1.0.1-raml/api.raml"/>
    </http:request-config>
    <flow name="ramlFlow">
        <http:listener config-ref="HTTP_Listener_Configuration" path="/bank" allowedMethods="GET" doc:name="HTTP"/>
        <http:request config-ref="bank-rest_Request_Configuration" path="/users" method="GET" doc:name="HTTP"/>
    </flow>
</mule>
